transaction_id,customer_id,payment_type,amount,currency,transaction_time,processing_time_seconds,status,failure_reason,country
TXN007279,C6166,Card,1585.98,USD,2026-04-27 06:53:32.834368,6,Success,,UK
TXN001693,C8729,Card,1043.9,USD,2026-04-12 22:04:10.028984,8,Success,,India
TXN002693,C9987,Wire,1976.11,USD,2026-04-24 05:56:13.140859,3,Success,,Germany
TXN007702,C1170,Card,271.83,USD,2026-04-20 11:25:18.068962,3,Success,,Singapore
TXN000322,C4467,Card,1950.84,USD,2026-05-06 05:36:58.037357,2,Success,,Germany
TXN009750,C9154,Card,2454.59,USD,2026-04-18 05:26:35.726333,5,Success,,Singapore
TXN000040,C8573,Card,2007.68,USD,2026-04-24 06:26:28.760505,3,Success,,Germany
TXN009483,C3353,ACH,317.52,USD,2026-05-04 00:49:18.471754,6,Success,,USA
TXN007394,C6987,Card,1510.39,USD,2026-04-27 07:07:26.570273,6,Success,,Germany
TXN002614,C4452,Card,1871.07,USD,2026-04-15 23:56:07.072632,4,Success,,Germany
TXN_SPIKE_268,C2040,Card,4942.53,USD,2026-05-03 11:24:58.000000,6,Success,,Singapore
TXN_SPIKE_13,C5801,Wire,1606.53,USD,2026-05-03 16:01:58.000000,3,Success,,India
TXN008697,C6877,ACH,6650.44,USD,2026-05-04 18:21:58.705544,6,Success,,Canada
TXN004839,C2081,ACH,3776.71,USD,2026-04-07 09:33:28.963091,5,Success,,Singapore
TXN_SPIKE_9,C7149,Card,333.88,USD,2026-05-03 19:00:12.000000,5,Success,,USA
TXN004369,C2980,Card,2352.91,USD,2026-04-11 20:18:06.531896,3,Success,,India
TXN004868,C1621,Wire,5433.14,USD,2026-05-06 19:44:59.874990,7,Success,,UK
TXN009403,C3247,ACH,7107.24,USD,2026-04-16 15:04:41.571853,4,Success,,India
TXN000036,C5374,Card,1880.98,USD,2026-04-23 12:13:01.316260,5,Success,,Singapore
TXN008849,C5912,Card,63.89,USD,2026-04-24 06:47:40.743664,8,Success,,Germany
TXN000336,C2874,Card,84.92,USD,2026-05-02 16:56:05.707468,5,Success,,Canada
TXN002795,C3627,ACH,3756.69,USD,2026-04-11 21:05:51.949974,3,Success,,USA
TXN004634,C2071,ACH,2764.67,USD,2026-04-30 01:47:48.697513,5,Success,,USA
TXN000097,C2982,Card,3502.67,USD,2026-05-06 19:57:18.617582,6,Success,,UK
TXN003128,C5919,Card,3830.97,USD,2026-04-21 12:22:07.781606,4,Success,,Canada
TXN007717,C4311,ACH,1391.27,USD,2026-04-29 09:47:40.264152,8,Success,,USA
TXN006626,C2269,ACH,1055.34,USD,2026-05-05 11:37:33.851404,4,Success,,Germany
TXN002026,C5250,Card,438.69,USD,2026-05-04 09:21:41.122531,5,Success,,Germany
TXN008354,C7122,ACH,1298.67,USD,2026-04-19 12:55:19.336919,5,Success,,Germany
TXN003774,C1308,Card,5790.29,USD,2026-04-27 23:22:58.225345,2,Success,,Germany
TXN009085,C3231,Wire,4897.38,USD,2026-04-20 19:35:18.059246,5,Success,,UK
TXN006127,C2638,ACH,687.77,USD,2026-04-24 23:01:41.605844,1,Success,,Canada
TXN006112,C7401,Card,1857.77,USD,2026-04-18 08:04:14.226951,5,Success,,USA
TXN004194,C8817,ACH,627.4,USD,2026-04-15 08:32:23.087291,5,Success,,Germany
TXN008467,C9315,Card,183.49,USD,2026-04-22 08:36:02.182566,3,Success,,Canada
TXN009848,C5249,Card,246.8,USD,2026-04-07 18:53:11.947776,5,Success,,USA
TXN003695,C7944,Card,260.75,USD,2026-04-16 11:36:22.541925,1,Success,,Singapore
TXN000734,C1126,ACH,3270.44,USD,2026-04-12 09:25:11.869602,5,Success,,Germany
TXN009106,C7087,Card,2211.78,USD,2026-04-21 01:07:27.877063,6,Success,,USA
TXN007451,C6593,Card,2571.17,USD,2026-04-07 13:51:47.827119,5,Success,,India
TXN003273,C9931,Card,216.97,USD,2026-04-10 18:52:03.210092,5,Success,,UK
TXN005326,C3395,ACH,5829.83,USD,2026-04-17 06:06:03.675238,5,Success,,Germany
TXN007488,C1420,Card,1278.0,USD,2026-04-13 05:23:55.790510,3,Success,,UK
TXN009002,C3223,Card,71.65,USD,2026-05-02 12:12:26.233177,7,Success,,UK
TXN005191,C2080,ACH,1302.46,USD,2026-04-22 22:19:28.506886,7,Success,,India
TXN003064,C3459,Card,4744.78,USD,2026-04-29 12:21:25.488363,3,Failed,Network Timeout,UK
TXN007261,C5813,Card,5390.82,USD,2026-04-18 19:55:47.377385,4,Success,,USA
TXN003371,C2702,Wire,209.52,USD,2026-05-06 18:55:03.165639,8,Success,,Singapore
TXN003488,C8379,Card,5491.5,USD,2026-04-18 11:51:32.192318,7,Success,,Germany
TXN000312,C6507,Wire,170.31,USD,2026-04-13 06:00:10.387377,4,Success,,Singapore
TXN001351,C6152,Card,1124.74,USD,2026-04-18 09:41:45.349422,1,Success,,USA
TXN001156,C5215,ACH,1102.5,USD,2026-04-21 12:25:27.139077,5,Success,,Singapore
TXN009694,C8471,Card,9104.11,USD,2026-04-21 21:58:30.833233,1,Success,,UK
TXN004031,C4254,Card,190.97,USD,2026-04-30 15:07:55.074135,9,Success,,USA
TXN007900,C1220,Card,1373.75,USD,2026-04-14 15:59:52.143818,6,Success,,Singapore
TXN000034,C6977,Wire,903.95,USD,2026-05-06 03:23:28.060235,6,Failed,Fraud Suspected,UK
TXN004589,C4889,ACH,888.24,USD,2026-04-14 13:41:31.017658,5,Success,,Canada
TXN003289,C8373,Card,3457.98,USD,2026-04-21 01:32:02.783402,5,Success,,Germany
TXN002166,C4669,Card,2946.45,USD,2026-05-03 13:47:12.763834,4,Success,,Singapore
TXN002393,C8978,Wire,1737.95,USD,2026-04-22 18:42:09.330875,4,Success,,Canada
TXN003059,C7292,Card,1571.56,USD,2026-04-14 20:19:15.145642,5,Success,,Singapore
TXN000543,C6873,ACH,1011.73,USD,2026-04-10 04:34:43.959112,5,Failed,Network Timeout,India
TXN003704,C3865,Card,4637.14,USD,2026-04-13 08:21:45.076003,5,Success,,Canada
TXN004899,C8344,Card,667.92,USD,2026-04-13 00:08:19.756206,7,Success,,Singapore
TXN000484,C8941,Card,362.5,USD,2026-04-29 13:14:59.524154,5,Success,,USA
TXN008778,C4281,Card,333.61,USD,2026-05-05 22:31:39.097140,7,Success,,USA
TXN002754,C4263,Card,272.6,USD,2026-05-03 06:19:50.808140,4,Success,,Germany
TXN008852,C4027,Card,2192.72,USD,2026-04-09 15:52:10.671867,4,Success,,Singapore
TXN003398,C9061,Card,405.61,USD,2026-04-22 15:24:46.710880,7,Success,,USA
TXN008792,C3548,Wire,541.34,USD,2026-04-27 17:01:02.785013,3,Success,,USA
TXN003913,C8143,Wire,3368.58,USD,2026-04-08 08:10:57.889843,5,Success,,UK
TXN003318,C5981,Card,1650.61,USD,2026-04-29 21:10:33.844090,4,Success,,Singapore
TXN001003,C3526,Card,1808.87,USD,2026-04-23 06:45:47.512962,5,Success,,UK
TXN001489,C6340,Wire,3480.43,USD,2026-04-17 11:51:41.781937,4,Success,,UK
TXN007908,C2329,ACH,792.94,USD,2026-04-11 14:08:57.789291,6,Success,,UK
TXN006747,C3416,Card,4898.46,USD,2026-04-17 18:28:21.005772,6,Success,,Singapore
TXN002089,C9031,Card,3521.02,USD,2026-04-27 11:50:14.419201,6,Success,,India
TXN009673,C5717,ACH,1860.6,USD,2026-05-03 22:11:13.823135,6,Success,,UK
TXN002019,C3456,ACH,205.63,USD,2026-04-18 05:47:56.808610,7,Success,,Canada
TXN004123,C3519,ACH,230.51,USD,2026-04-14 18:44:42.654702,5,Success,,USA
TXN007245,C2237,ACH,1231.61,USD,2026-04-15 09:09:52.582057,7,Success,,Canada
TXN004631,C7056,Card,1941.09,USD,2026-04-24 05:40:19.340437,9,Success,,India
TXN006803,C2713,Card,694.43,USD,2026-04-21 03:33:04.022245,7,Success,,Singapore
TXN002936,C9814,Card,4262.73,USD,2026-04-30 04:17:29.964941,10,Success,,UK
TXN004443,C4829,Card,4260.12,USD,2026-05-02 20:34:52.669623,8,Success,,USA
TXN007573,C6806,ACH,4044.39,USD,2026-04-21 04:20:35.948682,7,Success,,USA
TXN006558,C4757,Card,1175.56,USD,2026-04-14 18:09:27.962391,4,Success,,India
TXN000544,C8056,Card,1416.16,USD,2026-04-07 17:14:10.478889,3,Success,,UK
TXN_SPIKE_242,C7808,Card,5829.32,USD,2026-05-03 06:43:30.000000,7,Success,,Germany
TXN009831,C5697,Card,773.04,USD,2026-04-12 11:48:33.954889,5,Success,,Germany
TXN009630,C1956,Card,399.85,USD,2026-04-23 23:10:47.364343,3,Success,,India
TXN008640,C4663,Card,1384.18,USD,2026-05-06 15:17:30.842239,3,Success,,UK
TXN_SPIKE_177,C7264,Wire,776.95,USD,2026-05-03 00:00:55.000000,7,Success,,USA
TXN006481,C2295,Card,265.48,USD,2026-04-12 09:42:28.945866,5,Success,,Singapore
TXN007149,C5909,Card,1180.01,USD,2026-04-08 18:24:10.086725,1,Success,,India
TXN000719,C8259,Card,6049.22,USD,2026-04-16 14:49:09.544065,4,Success,,Singapore
TXN001965,C7828,Wire,2435.5,USD,2026-04-27 03:40:03.631357,3,Success,,Canada
TXN008110,C4486,Card,2225.91,USD,2026-04-10 15:22:42.301510,5,Failed,Network Timeout,UK
TXN009701,C1535,Card,4002.79,USD,2026-04-16 01:22:21.393996,7,Success,,India
TXN006366,C7139,Card,1149.72,USD,2026-04-28 16:11:47.702596,8,Success,,Germany
TXN006087,C9487,Card,454.32,USD,2026-04-17 09:11:24.316277,1,Success,,Germany
TXN006235,C1583,ACH,491.96,USD,2026-04-29 05:01:44.091565,2,Success,,Germany
TXN001473,C4996,ACH,433.68,USD,2026-04-21 20:57:52.633343,5,Success,,Canada
TXN004085,C6198,Card,1499.54,USD,2026-04-28 07:06:14.315790,5,Success,,Singapore
TXN007307,C6904,Card,4100.05,USD,2026-04-07 17:00:56.065554,2,Failed,Insufficient Funds,India
TXN006880,C2661,Card,279.05,USD,2026-04-11 15:48:40.362750,3,Success,,Singapore
TXN007404,C9370,Card,1851.21,USD,2026-04-17 04:39:54.586159,5,Failed,Network Timeout,UK
TXN005008,C5578,Card,688.58,USD,2026-04-28 04:55:49.678969,5,Failed,Network Timeout,Singapore
TXN003027,C9784,Card,116.56,USD,2026-04-12 15:32:11.195669,4,Success,,Canada
TXN003551,C8014,Card,556.78,USD,2026-04-25 06:33:39.777832,4,Success,,Singapore
TXN000120,C6559,ACH,2308.66,USD,2026-04-11 12:47:31.384081,9,Success,,USA
TXN008424,C1892,Card,2799.68,USD,2026-04-19 03:26:18.321358,4,Success,,USA
TXN009142,C7663,Wire,736.34,USD,2026-04-27 20:21:52.702405,5,Success,,UK
TXN003690,C6047,ACH,208.39,USD,2026-04-26 19:18:31.426821,6,Success,,Germany
TXN003652,C6192,Card,4105.78,USD,2026-05-05 15:34:23.506271,6,Success,,India
TXN008918,C1046,Card,2545.37,USD,2026-04-29 09:23:05.666249,3,Success,,Singapore
TXN009343,C3269,Card,1029.6,USD,2026-04-23 08:12:55.344175,4,Success,,Singapore
TXN005199,C3879,Card,2712.51,USD,2026-05-01 08:46:01.507079,7,Success,,Canada
TXN007796,C9981,Wire,5500.11,USD,2026-05-02 11:04:57.367400,6,Success,,Germany
TXN004468,C3014,ACH,5150.01,USD,2026-04-30 16:36:12.505395,5,Success,,UK
TXN006225,C4346,Wire,1219.0,USD,2026-04-21 18:55:31.410132,4,Success,,Canada
TXN006066,C3223,Card,421.5,USD,2026-04-29 16:01:41.817107,5,Success,,Germany
TXN009382,C7147,Wire,2205.6,USD,2026-04-19 15:50:19.138019,1,Success,,Canada
TXN000252,C8238,Card,702.83,USD,2026-04-29 12:05:24.764338,4,Success,,Germany
TXN002271,C1881,Card,1618.96,USD,2026-04-16 13:37:36.082732,6,Success,,USA
TXN005313,C9376,Card,913.15,USD,2026-04-30 07:32:02.566319,4,Success,,UK
TXN004082,C3783,Card,522.04,USD,2026-05-06 11:33:01.476836,6,Success,,Canada
TXN009858,C2398,ACH,1021.51,USD,2026-05-05 19:57:40.593331,7,Failed,Authentication Failed,Germany
TXN009323,C2686,Card,593.05,USD,2026-04-21 16:17:39.793758,5,Success,,India
TXN008117,C6358,Card,1948.02,USD,2026-05-04 21:37:45.643745,5,Success,,India
TXN001651,C7520,Card,3617.22,USD,2026-04-24 06:40:56.802220,4,Success,,Canada
TXN_SPIKE_50,C8432,Card,971.27,USD,2026-05-03 18:22:30.000000,5,Success,,UK
TXN004506,C7489,Card,317.7,USD,2026-04-28 13:52:13.234477,8,Success,,USA
TXN007131,C1836,Card,3072.72,USD,2026-04-25 09:10:12.311368,6,Success,,India
TXN004310,C3406,Card,4293.78,USD,2026-04-23 09:37:12.263977,5,Success,,Singapore
TXN006848,C4481,Card,1457.72,USD,2026-04-07 21:45:58.260136,5,Success,,Germany
TXN003519,C6340,Card,2221.69,USD,2026-04-09 16:11:33.257595,4,Success,,Germany
TXN001027,C3007,ACH,1632.32,USD,2026-04-07 00:47:21.749436,5,Success,,India
TXN000736,C3116,Wire,1473.99,USD,2026-04-25 23:47:33.992825,3,Success,,Germany
TXN000519,C1606,Card,957.36,USD,2026-04-07 12:42:13.480034,4,Success,,UK
TXN003039,C5823,Card,4774.81,USD,2026-04-19 18:37:26.641699,4,Success,,Canada
TXN005263,C8586,ACH,2753.31,USD,2026-04-18 10:21:22.681669,8,Success,,Canada
TXN009369,C1664,Card,222.54,USD,2026-04-12 17:44:48.585764,5,Success,,USA
TXN_SPIKE_297,C3333,Card,3793.63,USD,2026-05-03 09:02:58.000000,5,Success,,Canada
TXN002406,C3435,Card,93.11,USD,2026-04-10 23:11:24.618935,5,Failed,Network Timeout,India
TXN003308,C9834,Card,859.8,USD,2026-04-28 10:01:44.638237,5,Success,,Canada
TXN_SPIKE_149,C9807,Wire,1162.77,USD,2026-05-03 05:30:36.000000,6,Success,,USA
TXN000451,C1653,ACH,918.71,USD,2026-05-03 20:44:15.403581,8,Success,,Germany
TXN007255,C6413,Card,328.97,USD,2026-04-15 08:53:32.479946,7,Success,,USA
TXN005696,C8361,Card,2077.97,USD,2026-04-25 07:02:52.810392,4,Success,,Singapore
TXN008376,C6522,Card,793.33,USD,2026-05-04 17:12:20.149873,4,Success,,USA
TXN008748,C9662,Card,2929.22,USD,2026-04-12 14:43:36.916444,7,Success,,Canada
TXN003783,C1168,ACH,663.07,USD,2026-04-18 19:13:45.565329,2,Success,,USA
TXN005219,C8500,Card,2630.17,USD,2026-05-01 08:52:32.938194,2,Success,,UK
TXN007290,C8185,Card,689.83,USD,2026-05-05 02:39:16.181653,8,Success,,Germany
TXN008899,C5713,Card,847.88,USD,2026-04-28 01:36:03.723029,6,Success,,India
TXN003534,C4181,Card,1683.51,USD,2026-04-26 15:54:29.399070,6,Success,,Singapore
TXN002956,C8940,ACH,847.45,USD,2026-04-13 15:28:42.858638,3,Success,,Canada
TXN006867,C1724,Card,1521.19,USD,2026-04-20 15:53:07.578378,5,Success,,UK
TXN003008,C9230,Card,3222.13,USD,2026-04-16 12:13:26.225424,7,Success,,Canada
TXN007713,C9786,Card,568.51,USD,2026-04-07 06:28:43.240725,5,Success,,India
TXN003155,C6152,Wire,9537.19,USD,2026-04-19 10:49:26.910212,9,Success,,Singapore
TXN005145,C4378,ACH,995.38,USD,2026-04-24 19:57:18.571682,9,Success,,Singapore
TXN007272,C3429,Card,5829.02,USD,2026-04-08 21:34:59.841092,8,Success,,UK
TXN003035,C5770,Card,542.62,USD,2026-04-24 02:25:19.341967,7,Success,,Germany
TXN003306,C8740,Card,1136.71,USD,2026-04-20 16:11:57.154495,7,Success,,Singapore
TXN009350,C6877,Card,1372.49,USD,2026-04-22 07:12:14.316684,5,Success,,Canada
TXN002040,C6499,Wire,3279.49,USD,2026-04-27 03:47:29.618285,8,Success,,Singapore
TXN003998,C6945,Wire,6554.29,USD,2026-04-08 02:51:14.772898,5,Success,,Singapore
TXN006554,C4448,Wire,846.6,USD,2026-04-18 01:47:47.944307,7,Success,,India
TXN005707,C9226,Card,1527.62,USD,2026-04-28 20:21:38.020040,6,Success,,USA
TXN005467,C5861,Card,4448.26,USD,2026-04-20 03:57:41.966560,6,Success,,USA
TXN008068,C1645,Card,538.23,USD,2026-04-18 22:52:00.174657,3,Success,,Canada
TXN004072,C1962,Wire,2980.85,USD,2026-04-07 02:33:25.321961,7,Success,,USA
TXN_SPIKE_89,C1444,Card,2280.3,USD,2026-05-03 23:20:40.000000,4,Success,,USA
TXN000488,C1224,Card,2827.34,USD,2026-04-29 08:57:32.613991,3,Success,,Canada
TXN004002,C7438,ACH,2622.61,USD,2026-04-21 09:57:40.503812,5,Success,,India
TXN003469,C3841,Wire,3089.3,USD,2026-04-19 06:52:20.811602,2,Success,,India
TXN008936,C8167,ACH,1641.97,USD,2026-05-01 20:00:03.253953,5,Success,,USA
TXN003947,C4335,Card,1942.03,USD,2026-05-01 06:47:31.455335,5,Success,,Germany
TXN008704,C3543,Card,188.32,USD,2026-04-06 23:45:20.700147,3,Success,,USA
TXN007616,C3760,Card,2503.79,USD,2026-04-10 04:58:02.619000,5,Failed,Network Timeout,USA
TXN009517,C8501,Card,127.94,USD,2026-04-23 16:52:43.487970,4,Success,,USA
TXN002515,C8904,Card,2396.73,USD,2026-05-05 10:55:50.572419,2,Success,,UK
TXN004620,C3853,Card,1375.97,USD,2026-04-28 23:25:09.352451,7,Success,,UK
TXN005573,C2710,Card,2587.05,USD,2026-04-30 22:09:14.176291,3,Success,,USA
TXN001085,C8871,Card,1388.61,USD,2026-04-19 10:15:37.173478,5,Success,,UK
TXN000766,C3842,Card,1086.94,USD,2026-05-04 18:40:19.796109,5,Success,,Canada
TXN009506,C4765,Card,19.84,USD,2026-04-10 14:51:23.617313,9,Success,,Singapore
TXN008508,C1854,Card,1018.93,USD,2026-04-26 15:31:25.892017,3,Success,,Canada
TXN004041,C7570,Card,900.28,USD,2026-04-14 13:21:48.026393,4,Success,,Canada
TXN003066,C1840,Card,448.47,USD,2026-04-09 12:27:25.352289,1,Success,,Germany
TXN007096,C8897,ACH,938.33,USD,2026-04-24 06:05:01.671585,4,Success,,UK
TXN007972,C2553,Card,402.34,USD,2026-04-09 14:44:11.954798,3,Success,,USA
TXN003134,C4178,ACH,113.04,USD,2026-04-27 18:11:01.968209,4,Success,,India
TXN008272,C7727,ACH,3940.56,USD,2026-04-09 22:20:43.733147,3,Success,,USA
TXN008488,C4744,ACH,4599.34,USD,2026-04-08 00:15:24.297270,5,Success,,India
TXN004485,C9816,Card,440.29,USD,2026-04-12 15:23:10.967481,4,Success,,USA
TXN007772,C9789,Card,3036.13,USD,2026-04-12 15:13:19.213211,7,Success,,India
TXN005682,C7866,Card,1656.71,USD,2026-05-06 05:08:52.870296,5,Success,,Germany
TXN008024,C4165,Card,973.87,USD,2026-04-25 00:53:48.787874,1,Success,,India
TXN002944,C1984,Card,156.62,USD,2026-04-16 00:01:07.278456,7,Success,,India
TXN001719,C6675,Card,2427.15,USD,2026-04-30 20:24:40.477707,6,Success,,Singapore
TXN006324,C5493,Card,5219.84,USD,2026-04-27 12:10:06.802410,3,Success,,India
TXN004705,C2406,Card,1720.51,USD,2026-05-03 00:14:58.095464,9,Success,,India
TXN001916,C4727,Card,2032.73,USD,2026-04-10 10:26:26.137503,6,Success,,Canada
TXN000851,C3414,Card,611.01,USD,2026-05-03 02:51:48.781097,6,Success,,Germany
TXN000674,C8398,Card,1376.48,USD,2026-04-16 02:37:17.593276,7,Success,,UK
TXN004012,C7920,Card,928.1,USD,2026-04-22 20:12:56.417092,7,Success,,USA
TXN009928,C8200,Card,722.33,USD,2026-04-20 01:45:30.501736,3,Success,,India
TXN000108,C8953,Card,1104.07,USD,2026-04-19 23:46:43.529734,5,Success,,UK
TXN009457,C2676,ACH,2276.61,USD,2026-04-28 15:29:25.511596,4,Success,,Singapore
TXN002168,C9570,Card,2325.6,USD,2026-04-08 08:16:20.628163,6,Success,,Singapore
TXN000501,C5526,Card,362.94,USD,2026-04-25 14:46:22.042845,5,Success,,Germany
TXN001471,C2791,Card,5272.55,USD,2026-05-06 03:49:43.530545,5,Success,,Singapore
TXN005262,C9446,ACH,2248.18,USD,2026-04-16 11:47:57.986532,6,Success,,USA
TXN007620,C1453,Card,2047.03,USD,2026-04-09 17:52:53.985112,10,Success,,Canada
TXN009515,C6681,Card,87.56,USD,2026-04-15 20:02:11.016109,2,Success,,Germany
TXN006604,C3355,Card,480.94,USD,2026-04-09 18:07:25.860307,4,Success,,Singapore
TXN008279,C7359,Wire,935.79,USD,2026-04-23 15:06:39.944587,4,Success,,Canada
TXN004512,C3101,ACH,1828.57,USD,2026-04-23 11:48:16.556390,4,Success,,Singapore
TXN003621,C1371,Card,475.45,USD,2026-04-15 12:36:57.324744,8,Success,,India
TXN001112,C8861,Card,2536.8,USD,2026-04-13 07:55:10.984302,5,Success,,India
TXN004355,C9502,Card,539.64,USD,2026-04-21 00:34:13.099993,7,Success,,Germany
TXN004658,C1599,Wire,630.89,USD,2026-04-13 14:38:57.948169,6,Success,,UK
TXN004623,C5029,Card,1207.91,USD,2026-04-12 03:14:15.256299,6,Success,,UK
TXN003521,C6336,Card,2354.73,USD,2026-04-25 12:28:31.470511,5,Success,,UK
TXN002824,C2161,Card,1894.27,USD,2026-05-01 01:33:12.384927,4,Success,,USA
TXN008207,C6627,Card,439.13,USD,2026-04-24 08:37:26.497941,5,Success,,Canada
TXN001607,C7919,Card,6885.42,USD,2026-04-23 20:33:09.945246,2,Success,,Singapore
TXN007914,C2301,Card,8044.2,USD,2026-05-04 17:14:43.256733,7,Success,,Germany
TXN005397,C5855,Card,313.63,USD,2026-05-04 18:20:52.787530,4,Success,,Singapore
TXN008454,C7335,Card,1083.95,USD,2026-05-05 11:22:22.866641,5,Success,,Germany
TXN003539,C3236,Wire,7991.83,USD,2026-04-17 04:31:29.640983,4,Success,,USA
TXN008223,C7471,Wire,434.09,USD,2026-04-27 07:08:11.753195,7,Success,,Canada
TXN001150,C9092,Card,6752.95,USD,2026-04-08 12:37:34.078095,4,Success,,UK
TXN002361,C9970,ACH,965.2,USD,2026-05-02 10:09:26.580858,8,Success,,USA
TXN001806,C6856,Card,11417.56,USD,2026-04-09 23:08:24.393183,3,Success,,Canada
TXN000081,C6310,Card,246.76,USD,2026-04-23 18:55:58.203751,6,Success,,Germany
TXN005229,C4932,Card,1160.05,USD,2026-04-06 22:52:49.810460,7,Success,,USA
TXN003886,C1440,Card,528.27,USD,2026-04-22 06:14:39.886747,2,Success,,Singapore
TXN003106,C9666,Card,1550.91,USD,2026-04-18 20:50:36.145373,3,Success,,USA
TXN002250,C9747,Card,1167.35,USD,2026-04-19 23:42:52.889929,5,Success,,India
TXN005448,C7291,Card,573.98,USD,2026-04-27 19:37:06.218436,3,Success,,USA
TXN_SPIKE_191,C7944,Card,790.39,USD,2026-05-03 13:07:07.000000,3,Success,,Germany
TXN002933,C8373,Card,212.7,USD,2026-04-07 14:31:30.227063,8,Success,,Germany
TXN_SPIKE_106,C9791,Card,3245.62,USD,2026-05-03 15:37:50.000000,7,Success,,Canada
TXN004711,C3102,Card,884.31,USD,2026-04-07 15:07:35.114472,5,Success,,India
TXN005520,C6937,Card,1367.59,USD,2026-04-08 03:03:58.425287,8,Success,,Canada
TXN004873,C7797,Card,2340.36,USD,2026-04-22 10:21:32.362582,1,Success,,Singapore
TXN000563,C5949,Card,365.11,USD,2026-04-22 03:02:22.366843,3,Success,,UK
TXN003756,C2867,Card,1960.27,USD,2026-04-16 21:34:58.253211,6,Success,,Germany
TXN007863,C6983,Card,792.61,USD,2026-04-11 04:39:02.972176,1,Failed,Network Timeout,India
TXN007301,C8831,Wire,933.02,USD,2026-04-19 13:11:32.883085,2,Success,,India
TXN000458,C8708,Card,3073.28,USD,2026-04-22 14:05:01.114850,5,Success,,Canada
TXN000959,C8311,Card,1111.64,USD,2026-04-20 14:11:37.383886,2,Success,,UK
TXN002305,C6668,Card,1044.48,USD,2026-04-30 14:52:58.970266,4,Success,,Germany
TXN001285,C5285,Wire,750.36,USD,2026-04-28 15:50:09.633766,5,Success,,India
TXN002030,C4643,Card,2455.38,USD,2026-04-10 23:17:40.410745,4,Success,,Singapore
TXN003583,C4393,Wire,2742.03,USD,2026-04-22 01:42:25.429363,6,Success,,Singapore
TXN003934,C1304,ACH,462.46,USD,2026-04-21 09:52:01.352536,5,Success,,Singapore
TXN000440,C3441,ACH,88.27,USD,2026-04-30 23:46:03.831664,2,Success,,India
TXN008298,C3694,ACH,1079.58,USD,2026-04-13 03:13:59.901360,6,Success,,UK
TXN008180,C4081,Wire,2157.14,USD,2026-04-13 06:23:21.118103,8,Success,,UK
TXN003990,C3374,Card,507.75,USD,2026-04-13 00:26:19.439237,5,Success,,India
TXN002900,C7460,Card,89.08,USD,2026-05-02 08:13:53.194486,4,Success,,UK
TXN002128,C9095,Card,1134.7,USD,2026-05-01 08:13:15.516609,5,Success,,UK
TXN000304,C1096,Card,183.94,USD,2026-04-24 10:09:16.796342,5,Success,,India
TXN004003,C5929,Wire,1992.22,USD,2026-04-10 20:35:04.355294,7,Success,,USA
TXN002817,C2753,Wire,1426.19,USD,2026-05-06 16:02:05.800097,4,Success,,Germany
TXN_SPIKE_257,C1065,Card,2051.61,USD,2026-05-03 16:01:57.000000,6,Success,,USA
TXN004412,C6249,ACH,2991.3,USD,2026-04-08 15:05:43.388690,7,Success,,Germany
TXN000032,C2654,Card,1080.55,USD,2026-04-28 20:09:16.791110,6,Success,,Germany
TXN005314,C5087,Card,4732.34,USD,2026-04-20 21:30:06.960402,3,Success,,India
TXN001776,C3007,Wire,240.69,USD,2026-04-30 19:26:22.682758,5,Success,,USA
TXN008306,C7858,Card,9835.1,USD,2026-04-23 06:44:07.173516,4,Success,,Germany
TXN004794,C8171,Card,446.83,USD,2026-04-11 00:07:46.464043,5,Success,,UK
TXN002376,C6851,ACH,1612.77,USD,2026-04-07 19:45:58.375095,4,Success,,UK
TXN004081,C3938,Card,5438.53,USD,2026-04-18 11:27:45.019024,9,Success,,India
TXN009156,C8760,Card,341.56,USD,2026-04-29 01:11:08.389166,4,Success,,Germany
TXN008516,C3928,Card,46.63,USD,2026-04-20 02:31:10.802671,2,Success,,Canada
TXN000305,C5892,Card,163.68,USD,2026-04-11 09:22:31.092191,3,Success,,Germany
TXN001769,C7563,Card,600.72,USD,2026-04-15 21:01:48.953198,5,Success,,India
TXN003464,C7586,Card,1417.27,USD,2026-05-02 02:29:38.547210,3,Success,,India
TXN009031,C3819,ACH,787.27,USD,2026-04-11 12:28:36.446468,7,Success,,UK
TXN000593,C7511,Wire,2565.36,USD,2026-04-13 07:28:26.651666,3,Success,,Canada
TXN001537,C2677,Card,180.1,USD,2026-05-03 21:47:48.047798,5,Success,,Singapore
TXN004935,C7313,Card,150.56,USD,2026-04-20 16:58:13.769092,9,Success,,Germany
TXN004029,C3187,Card,1541.4,USD,2026-04-12 14:50:34.467557,5,Failed,Network Timeout,India
TXN007348,C3202,ACH,3074.87,USD,2026-04-23 17:24:48.869761,3,Success,,Canada
TXN008047,C3418,Card,4691.18,USD,2026-04-25 00:07:20.585309,5,Success,,Germany
TXN000953,C5566,Wire,1713.02,USD,2026-05-05 23:10:55.185002,2,Success,,UK
TXN003133,C1477,Card,381.83,USD,2026-04-25 04:58:46.444510,5,Success,,UK
TXN003078,C7719,Card,1542.86,USD,2026-05-03 09:32:18.829530,5,Success,,Germany
TXN000533,C1588,ACH,1171.75,USD,2026-04-23 20:48:21.156363,8,Success,,Canada
TXN003906,C7394,Wire,2299.02,USD,2026-04-18 00:44:28.000680,6,Success,,India
TXN007740,C2042,Card,4895.46,USD,2026-04-13 10:23:15.566887,2,Success,,UK
TXN_SPIKE_180,C5914,Card,2610.82,USD,2026-05-03 09:03:07.000000,6,Success,,UK
TXN001531,C9369,Card,476.0,USD,2026-04-15 12:21:47.266994,4,Success,,USA
TXN003182,C6119,Card,37.21,USD,2026-04-26 00:14:34.225125,4,Success,,USA
TXN003060,C9383,Wire,3657.31,USD,2026-04-20 21:35:22.222353,6,Success,,Canada
TXN_SPIKE_2,C5888,Card,727.15,USD,2026-05-03 11:04:20.000000,1,Failed,Insufficient Funds,India
TXN000170,C3584,ACH,301.12,USD,2026-04-10 22:00:44.311895,5,Success,,Germany
TXN003750,C8944,Card,2426.02,USD,2026-04-30 04:53:47.871280,3,Success,,Germany
TXN001826,C9625,ACH,49.39,USD,2026-04-12 04:47:39.898047,6,Success,,Germany
TXN004869,C8270,Wire,1845.71,USD,2026-04-22 12:12:49.275507,7,Success,,Singapore
TXN006226,C6400,Card,4007.1,USD,2026-05-06 01:46:29.005845,6,Success,,Singapore
TXN005595,C7672,Card,2139.74,USD,2026-05-04 17:14:02.975309,5,Success,,Singapore
TXN007736,C8569,Card,582.23,USD,2026-04-17 16:34:13.477187,7,Success,,UK
TXN000319,C8564,Card,927.37,USD,2026-04-11 14:01:34.252957,5,Success,,UK
TXN008865,C9993,Card,1239.67,USD,2026-04-19 12:10:57.764927,10,Success,,Canada
TXN007048,C7527,Card,2747.66,USD,2026-04-21 12:36:51.001070,8,Success,,Singapore
TXN009656,C6308,Card,182.5,USD,2026-04-07 13:40:17.104327,4,Failed,Authentication Failed,India
TXN_SPIKE_174,C7796,ACH,1784.82,USD,2026-05-03 07:46:03.000000,4,Success,,Germany
TXN003644,C3986,Card,462.32,USD,2026-04-23 18:51:45.272834,7,Success,,UK
TXN000316,C7455,ACH,7361.28,USD,2026-05-03 11:19:29.146161,6,Success,,Canada
TXN005834,C1490,Card,1338.09,USD,2026-04-26 07:54:16.778980,6,Success,,USA
TXN003380,C2965,Card,4398.19,USD,2026-04-11 12:59:57.438339,4,Failed,Network Timeout,USA
TXN006484,C9307,Wire,1585.44,USD,2026-05-03 11:28:24.987710,9,Success,,India
TXN004541,C6477,Card,2495.89,USD,2026-04-23 16:31:19.553506,4,Success,,India
TXN006946,C9217,Wire,3460.19,USD,2026-04-23 06:44:02.354284,2,Success,,Singapore
TXN002169,C2560,ACH,91.57,USD,2026-04-09 04:16:42.171327,3,Success,,Germany
TXN007845,C8746,Card,445.21,USD,2026-05-02 08:32:27.119649,5,Success,,Germany
TXN009377,C9255,Card,875.37,USD,2026-04-16 07:05:20.655772,6,Success,,UK
TXN007236,C1786,Card,3938.19,USD,2026-04-12 06:19:19.762892,6,Success,,Canada
TXN009789,C1928,Card,610.98,USD,2026-04-21 09:24:16.797720,9,Success,,Canada
TXN004093,C5321,Card,1493.7,USD,2026-05-01 01:33:46.484427,5,Success,,Canada
TXN001157,C4050,ACH,1177.04,USD,2026-04-20 05:01:10.531921,1,Success,,USA
TXN006072,C9627,Card,564.28,USD,2026-04-10 12:22:18.389053,3,Success,,Germany
TXN002841,C7802,Card,334.41,USD,2026-04-10 19:28:39.695000,8,Success,,Singapore
TXN001924,C1568,Wire,31.93,USD,2026-04-20 15:38:33.649045,4,Success,,Canada
TXN007210,C2819,Card,374.8,USD,2026-04-17 04:43:16.453912,4,Success,,Germany
TXN001982,C3029,Card,1148.16,USD,2026-04-07 22:55:21.706755,4,Success,,Singapore
TXN009379,C4167,ACH,958.15,USD,2026-05-05 13:27:23.297685,7,Success,,Canada
TXN003291,C4044,Wire,4245.39,USD,2026-04-24 10:55:17.414373,5,Success,,Germany
TXN003072,C5146,Card,376.31,USD,2026-05-02 04:07:18.255387,4,Success,,USA
TXN004763,C3869,Card,6981.8,USD,2026-05-01 07:18:38.293379,4,Success,,Germany
TXN008630,C3549,Wire,6258.28,USD,2026-04-24 13:04:19.294177,6,Success,,Singapore
TXN001218,C7184,Card,807.45,USD,2026-04-14 00:51:40.856470,8,Success,,Germany
TXN004157,C6599,Card,356.63,USD,2026-04-27 03:48:37.000299,7,Success,,Germany
TXN008983,C4268,Card,6128.4,USD,2026-05-05 06:04:27.694560,2,Success,,Singapore
TXN003405,C5105,Wire,1060.4,USD,2026-05-04 22:35:50.301338,7,Success,,Germany
TXN_SPIKE_227,C2649,Card,5538.57,USD,2026-05-03 14:35:21.000000,5,Success,,USA
TXN003144,C5904,Wire,3867.79,USD,2026-04-16 00:56:50.439337,5,Success,,Canada
TXN005567,C6131,Wire,545.49,USD,2026-04-20 15:12:02.464866,6,Success,,Singapore
TXN008103,C1589,Card,1623.12,USD,2026-05-04 19:36:15.394825,8,Success,,UK
TXN006170,C3850,Card,5888.86,USD,2026-04-21 11:36:41.171206,9,Success,,Singapore
TXN006673,C4546,Card,371.63,USD,2026-04-21 15:16:34.908869,1,Success,,India
TXN001703,C1862,Card,4685.84,USD,2026-04-16 18:52:59.477074,6,Success,,UK
TXN002233,C7518,Card,1798.65,USD,2026-04-09 17:45:14.563112,4,Success,,India
TXN003890,C7749,Wire,1672.45,USD,2026-05-02 09:17:40.929549,4,Success,,India
TXN000347,C2983,ACH,1044.81,USD,2026-05-05 22:54:28.557693,6,Success,,Canada
TXN006308,C4547,Wire,519.29,USD,2026-04-24 06:04:29.821263,4,Success,,USA
TXN006132,C7830,Card,3650.44,USD,2026-04-15 15:58:19.530447,7,Success,,Germany
TXN008646,C6426,ACH,7197.68,USD,2026-04-14 12:33:58.115689,5,Success,,India
TXN_BURST_12,C3060,ACH,2797.03,USD,2026-05-02 11:05:21.367400,8,Success,,India
TXN001248,C9540,ACH,1422.46,USD,2026-05-02 21:00:28.087934,2,Success,,UK
TXN001255,C6222,Card,352.16,USD,2026-05-03 19:46:44.576323,5,Success,,Singapore
TXN006448,C9326,Card,1149.86,USD,2026-04-22 03:18:31.060081,6,Success,,Germany
TXN003038,C3727,Card,195.8,USD,2026-04-17 18:32:40.563821,3,Success,,Germany
TXN006381,C9249,Card,376.46,USD,2026-04-24 11:27:45.563746,8,Success,,Canada
TXN002863,C3213,Card,1647.01,USD,2026-04-23 11:14:37.020209,8,Failed,Insufficient Funds,India
TXN007785,C7844,Card,4878.5,USD,2026-05-01 09:36:32.039042,1,Success,,Germany
TXN001600,C2559,Wire,2690.11,USD,2026-04-12 00:09:56.257330,2,Success,,USA
TXN008908,C4020,Card,3566.02,USD,2026-05-03 01:29:28.324943,4,Success,,Singapore
TXN008078,C7760,Wire,663.96,USD,2026-04-15 18:19:44.826553,6,Success,,India
TXN009905,C1882,Wire,3217.01,USD,2026-04-28 22:15:13.159755,8,Success,,Germany
TXN006040,C1255,Card,448.22,USD,2026-04-20 18:18:05.601513,2,Success,,Germany
TXN008567,C8640,Card,6985.92,USD,2026-04-14 08:50:34.529243,5,Success,,Singapore
TXN001088,C4968,ACH,5828.29,USD,2026-04-26 21:37:31.581052,2,Success,,USA
TXN_SPIKE_58,C7157,Card,95.32,USD,2026-05-03 09:43:33.000000,3,Success,,UK
TXN002710,C9059,Card,3069.05,USD,2026-04-18 10:29:34.797560,7,Success,,Germany
TXN008850,C1372,Card,1250.46,USD,2026-05-05 17:38:57.135036,1,Success,,USA
TXN008457,C7693,Card,1816.24,USD,2026-04-22 18:59:16.796021,6,Success,,Singapore
TXN006786,C9813,ACH,1260.73,USD,2026-04-24 19:45:08.115097,4,Success,,Canada
TXN002699,C6688,ACH,259.1,USD,2026-04-17 23:28:58.720205,5,Success,,Germany
TXN009884,C1973,Wire,2079.93,USD,2026-04-26 17:12:26.932024,6,Success,,USA
TXN000534,C2121,Wire,542.13,USD,2026-04-13 11:40:56.090030,8,Success,,UK
TXN003899,C1612,ACH,2061.86,USD,2026-05-05 23:31:02.571099,4,Success,,Germany
TXN007326,C3480,ACH,839.29,USD,2026-04-08 13:56:21.973581,4,Success,,Singapore
TXN005530,C3344,Wire,2426.34,USD,2026-04-11 03:30:24.130979,5,Success,,Germany
TXN001459,C5840,Card,913.15,USD,2026-04-29 13:07:02.061579,3,Success,,Germany
TXN001685,C6900,Card,2770.4,USD,2026-04-27 08:38:05.275188,5,Failed,Authentication Failed,USA
TXN001447,C7547,Card,931.41,USD,2026-04-08 20:10:48.591988,5,Success,,India
TXN009643,C9225,Card,5049.66,USD,2026-04-21 13:01:22.669140,3,Success,,UK
TXN003132,C7488,Card,1869.71,USD,2026-04-11 06:19:18.122264,8,Success,,Singapore
TXN001161,C9442,ACH,3729.17,USD,2026-04-19 20:17:08.137767,4,Success,,India
TXN001784,C4066,ACH,771.86,USD,2026-05-01 02:04:16.241616,6,Success,,India
TXN006088,C1890,Wire,29.58,USD,2026-04-11 18:20:56.614979,5,Success,,USA
TXN_SPIKE_287,C8794,Wire,2870.71,USD,2026-05-03 15:22:55.000000,5,Success,,Germany
TXN003016,C5421,Wire,2157.17,USD,2026-04-09 17:46:59.344507,3,Success,,Germany
TXN006297,C1308,Card,161.99,USD,2026-04-19 22:26:35.975949,3,Success,,Germany
TXN004124,C2328,ACH,1323.93,USD,2026-04-19 03:53:04.950870,4,Success,,Germany
TXN008188,C8741,Wire,2634.84,USD,2026-04-18 16:50:57.983111,6,Success,,Canada
TXN009223,C6364,Card,1787.01,USD,2026-04-07 22:14:43.312667,5,Success,,Germany
TXN009165,C5835,Card,453.07,USD,2026-04-22 13:38:44.881762,4,Success,,Singapore
TXN004116,C2258,Wire,520.96,USD,2026-04-17 09:22:34.883459,2,Success,,UK
TXN005383,C7512,Wire,198.88,USD,2026-04-29 14:41:46.350315,6,Success,,Germany
TXN009990,C9941,Wire,291.0,USD,2026-04-14 18:34:55.824339,8,Success,,USA
TXN004253,C1770,Wire,1158.43,USD,2026-04-21 05:51:22.187921,5,Success,,USA
TXN006522,C6331,Card,1330.35,USD,2026-04-11 07:49:35.872683,5,Success,,UK
TXN000374,C1166,Card,8810.27,USD,2026-04-27 01:36:01.083490,2,Success,,Canada
TXN008861,C2291,ACH,852.13,USD,2026-04-16 22:50:33.656016,4,Success,,UK
TXN006976,C9676,Card,2804.71,USD,2026-04-18 03:17:33.225948,8,Success,,India
TXN002185,C9166,Card,2520.92,USD,2026-04-18 14:56:25.926296,2,Success,,Germany
TXN001792,C7868,Card,115.96,USD,2026-04-13 00:14:12.274664,5,Success,,UK
TXN009389,C3903,ACH,3462.7,USD,2026-04-18 03:59:57.581743,6,Success,,Singapore
TXN004721,C3518,Card,715.33,USD,2026-04-07 11:59:15.024546,6,Success,,India
TXN002413,C4913,Wire,1734.82,USD,2026-04-11 02:00:44.037802,6,Success,,Canada
TXN006148,C3858,ACH,833.57,USD,2026-04-24 15:56:56.346205,8,Success,,Singapore
TXN008978,C8881,Card,1000.96,USD,2026-04-23 21:24:05.339728,1,Success,,UK
TXN008021,C8580,Card,375.08,USD,2026-04-09 20:28:26.077687,6,Success,,Canada
TXN008186,C2448,ACH,540.36,USD,2026-04-12 07:38:32.442343,6,Success,,Canada
TXN008723,C9152,ACH,959.9,USD,2026-05-06 07:27:24.107741,6,Failed,Authentication Failed,Germany
TXN001209,C2196,Card,450.78,USD,2026-04-11 23:48:11.979254,5,Success,,USA
TXN005759,C2939,Card,3794.03,USD,2026-04-30 18:46:20.928456,4,Success,,Singapore
TXN009530,C7299,ACH,1053.44,USD,2026-04-13 04:59:02.499137,5,Success,,Canada
TXN005130,C3051,ACH,1234.99,USD,2026-04-11 04:40:07.300228,8,Success,,USA
TXN000260,C6085,ACH,4304.64,USD,2026-05-04 22:41:40.307760,7,Success,,UK
TXN007904,C6421,Card,1742.2,USD,2026-04-25 03:05:09.724454,5,Success,,Singapore
TXN008714,C7715,Wire,1068.34,USD,2026-04-16 16:29:06.284145,4,Success,,USA
TXN003528,C8936,Card,1797.16,USD,2026-04-08 13:49:33.352888,3,Success,,USA
TXN009547,C8481,ACH,3521.89,USD,2026-04-15 06:47:29.222097,5,Success,,Canada
TXN009575,C4641,ACH,130.21,USD,2026-04-19 00:41:09.931525,5,Success,,India
TXN006404,C5013,Wire,664.39,USD,2026-04-07 13:55:16.353475,5,Success,,Germany
TXN001624,C3017,ACH,1910.83,USD,2026-04-15 20:54:00.594746,4,Success,,Canada
TXN006572,C3025,Card,183.11,USD,2026-05-04 17:38:18.414088,8,Failed,Authentication Failed,Germany
TXN006146,C9602,Wire,508.17,USD,2026-04-11 05:58:20.719821,4,Success,,Germany
TXN009841,C3324,Card,743.8,USD,2026-04-21 17:40:55.041438,5,Success,,India
TXN003834,C4815,Card,1229.55,USD,2026-04-25 12:47:56.894384,6,Failed,Authentication Failed,Germany
TXN002486,C3135,Card,1696.66,USD,2026-04-14 23:14:05.227793,4,Success,,Canada
TXN009292,C5321,Card,2433.81,USD,2026-04-18 10:04:45.368923,5,Success,,India
TXN001509,C4043,Card,608.37,USD,2026-04-17 22:30:15.402294,3,Success,,Germany
TXN005304,C9192,ACH,376.3,USD,2026-04-23 23:48:55.705403,6,Success,,USA
TXN009417,C6147,Card,3321.63,USD,2026-04-23 19:07:44.392360,3,Success,,India
TXN003024,C7633,Card,1161.55,USD,2026-04-11 15:51:44.990841,5,Success,,USA
TXN008261,C7225,Card,3616.13,USD,2026-04-07 15:19:37.365328,3,Success,,USA
TXN_SPIKE_78,C3302,Card,2724.28,USD,2026-05-03 10:20:39.000000,7,Success,,UK
TXN005832,C7714,Card,3201.3,USD,2026-04-19 07:09:56.963034,9,Success,,India
TXN009737,C1320,Card,2075.2,USD,2026-04-23 20:45:40.529363,7,Success,,Canada
TXN008707,C2764,ACH,213.71,USD,2026-04-18 00:30:25.539889,6,Success,,Germany
TXN002621,C6621,Card,2204.84,USD,2026-05-05 14:06:40.557412,2,Success,,India
TXN002418,C8921,Wire,226.08,USD,2026-04-26 07:20:06.166447,11,Success,,India
TXN005958,C4597,Card,1275.52,USD,2026-04-12 12:40:20.635744,3,Success,,USA
TXN009467,C3903,Card,1949.76,USD,2026-05-02 09:47:30.634789,7,Success,,Canada
TXN000296,C4505,Card,249.56,USD,2026-04-23 11:57:27.651560,6,Success,,USA
TXN000566,C7248,Card,2260.95,USD,2026-05-01 14:49:33.739689,5,Success,,Canada
TXN000048,C6155,Card,2588.93,USD,2026-04-15 06:53:19.579261,7,Success,,UK
TXN004375,C8961,Wire,3197.14,USD,2026-04-14 03:13:56.224321,6,Success,,USA
TXN007396,C3068,Card,1772.71,USD,2026-04-22 03:51:55.592413,4,Success,,USA
TXN008417,C8007,Card,1.76,USD,2026-04-19 18:44:19.094414,3,Success,,Singapore
TXN001069,C6373,Wire,677.17,USD,2026-04-16 16:52:52.669082,6,Success,,Canada
TXN000287,C4919,Card,3167.63,USD,2026-05-02 07:56:32.824860,3,Success,,India
TXN004175,C5151,Card,532.8,USD,2026-04-25 12:08:15.162679,5,Success,,India
TXN004635,C3366,ACH,838.75,USD,2026-04-17 09:15:27.096422,10,Success,,UK
TXN002770,C2960,Wire,1657.8,USD,2026-04-22 12:58:27.894331,4,Success,,Germany
TXN000591,C8673,Card,4299.12,USD,2026-05-02 11:26:01.751722,6,Success,,USA
TXN001865,C7323,Card,78.71,USD,2026-04-12 11:47:24.873115,4,Success,,Germany
TXN005181,C7097,Card,5036.39,USD,2026-04-12 01:43:29.604128,1,Success,,Canada
TXN000714,C6314,Card,395.35,USD,2026-04-21 23:05:15.883090,5,Failed,Insufficient Funds,Canada
TXN007901,C6589,Wire,514.85,USD,2026-04-20 20:34:36.000343,5,Success,,Canada
TXN007661,C1390,Wire,1245.9,USD,2026-04-22 17:21:52.060453,4,Success,,Germany
TXN008558,C4255,Card,3869.83,USD,2026-04-21 12:37:00.600142,6,Success,,USA
TXN008799,C8884,Card,653.96,USD,2026-05-02 01:00:56.933357,8,Success,,Singapore
TXN008433,C5541,Card,6695.09,USD,2026-04-23 13:44:34.136416,1,Success,,India
TXN002681,C9584,Card,2319.1,USD,2026-04-28 13:41:56.222898,6,Success,,USA
TXN001108,C5890,Card,495.99,USD,2026-05-05 23:59:41.236807,5,Success,,UK
TXN009729,C6246,ACH,3742.48,USD,2026-05-01 07:10:41.957838,7,Success,,Canada
TXN001781,C1483,Card,2248.66,USD,2026-05-06 08:27:48.112737,8,Success,,Germany
TXN009456,C9785,Wire,2274.26,USD,2026-05-01 00:33:26.427238,7,Success,,UK
TXN001711,C5777,ACH,3696.2,USD,2026-04-22 22:01:56.839038,4,Success,,Canada
TXN007214,C3464,ACH,690.24,USD,2026-04-27 16:52:34.396534,6,Success,,Canada
TXN003400,C8065,Wire,735.61,USD,2026-04-28 01:13:20.056638,6,Success,,UK
TXN000796,C3600,Wire,780.25,USD,2026-04-30 15:33:08.023752,2,Success,,India
TXN006935,C4013,Card,802.06,USD,2026-04-23 13:20:50.229961,6,Success,,Singapore
TXN003911,C6563,Card,529.15,USD,2026-04-21 00:54:47.601594,4,Success,,UK
TXN005023,C3345,Card,4869.41,USD,2026-04-15 09:31:08.414825,5,Success,,Canada
TXN001181,C3188,Card,1520.59,USD,2026-05-01 22:45:46.092672,9,Success,,Germany
TXN004697,C1194,Wire,2965.89,USD,2026-04-12 22:31:16.073666,5,Success,,Germany
TXN007529,C3179,Wire,3325.29,USD,2026-05-01 01:59:27.574041,7,Success,,Germany
TXN002677,C2687,ACH,1070.99,USD,2026-04-11 20:42:26.179384,6,Success,,USA
TXN004668,C8282,Card,2516.64,USD,2026-04-30 03:54:06.753954,3,Success,,Canada
TXN001517,C1157,Card,853.24,USD,2026-04-24 03:58:17.249441,7,Success,,Germany
TXN008440,C3815,Card,4210.24,USD,2026-04-21 08:06:00.215971,6,Success,,Germany
TXN002496,C8817,Card,3205.79,USD,2026-04-10 18:06:26.133047,4,Success,,UK
TXN003881,C6779,Card,3272.29,USD,2026-04-13 15:31:42.830642,3,Success,,India
TXN002803,C6965,ACH,77.03,USD,2026-04-10 13:05:07.938073,4,Failed,Network Timeout,Canada
TXN006951,C4393,Card,580.11,USD,2026-04-30 09:28:23.537397,9,Success,,USA
TXN007933,C5861,Card,3062.71,USD,2026-04-27 14:27:36.512211,6,Success,,Canada
TXN005936,C4064,Card,520.53,USD,2026-05-01 02:49:55.858988,3,Success,,India
TXN009988,C1449,Card,1996.52,USD,2026-04-07 20:19:55.052906,1,Success,,Singapore
TXN001661,C9788,Card,403.31,USD,2026-05-05 22:45:43.746392,9,Success,,India
TXN005984,C3908,ACH,234.63,USD,2026-04-24 09:06:54.476082,4,Success,,India
TXN004982,C5802,Card,800.66,USD,2026-04-15 04:19:44.862813,4,Success,,USA
TXN002880,C8999,Wire,3062.21,USD,2026-04-18 14:22:56.263684,3,Success,,Singapore
TXN008893,C4457,ACH,500.2,USD,2026-05-04 08:04:28.531865,7,Success,,Canada
TXN_SPIKE_61,C3190,Card,1537.41,USD,2026-05-03 12:54:43.000000,5,Success,,UK
TXN004171,C9411,ACH,522.39,USD,2026-05-03 03:07:20.555874,4,Success,,USA
TXN006339,C5227,Card,1826.84,USD,2026-04-14 07:34:12.492649,5,Success,,India
TXN002964,C3572,Wire,2736.65,USD,2026-05-05 09:48:37.630331,3,Success,,USA
